ID,group,verify,service_type,disability,woman,indigenous,visible,shutdown,revenue,ft,pt
12,treatment,1E5,both,no,no,no,yes,temporary,22060.610854973293,3,1
186,treatment,1M0,both,no,no,no,yes,temporary,18199.678088859513,2,1
302,treatment,4B7,both,no,no,no,yes,temporary,18324.34426018668,2,1
322,treatment,4V1,both,no,no,no,yes,temporary,45675.40043283904,5,3
385,treatment,1L0,both,no,no,no,yes,temporary,43469.221903852806,5,3
399,treatment,1W0,both,no,no,no,yes,temporary,27321.614775468664,3,2
437,treatment,2M4,both,no,no,no,yes,temporary,14428.594666182804,2,1
470,treatment,1A0,takeout,no,no,no,yes,temporary,20556.951696161057,2,1
541,treatment,TON,both,no,no,no,yes,temporary,17061.013313294487,2,1
651,treatment,1P0,both,no,no,no,yes,temporary,12491.270583775255,1,1
957,treatment,0C1,both,no,no,no,yes,temporary,37882.76911244119,4,2
958,treatment,3C1,both,no,no,no,yes,temporary,28714.706243667297,3,2
1079,treatment,3S3,both,no,no,no,yes,temporary,12960.525868202305,1,1
1094,treatment,1Y3,both,no,yes,no,yes,temporary,42432.45304887186,5,3
1175,treatment,3Z4,both,no,no,no,yes,temporary,20167.913217742767,2,1
1208,treatment,4T9,both,no,no,no,yes,temporary,38210.36835194797,4,2
1220,treatment,1A3,both,no,no,no,yes,temporary,13248.400652048458,2,1
1266,treatment,4J8,both,no,no,no,yes,temporary,23643.99884257295,3,1
1394,treatment,ON,both,no,no,no,yes,temporary,53859.553726911385,6,3
1399,treatment,3C4,both,no,no,no,yes,temporary,9631.324049567575,1,1
1442,treatment,2W0,takeout,no,no,no,yes,temporary,26574.848767332303,3,2
1585,treatment,3C2,both,no,no,no,yes,temporary,20881.39527406916,2,1
1599,treatment,1N0,takeout,no,yes,no,yes,temporary,40082.7779526798,5,3
1732,treatment,ton,dinein,no,yes,no,yes,temporary,25826.93624697046,3,2
1760,treatment,3K9,both,no,no,no,yes,temporary,9190.22125294847,1,1
1825,treatment,1A6,both,no,no,no,yes,temporary,33973.68309633114,4,2
1830,treatment,3B8,both,no,no,no,yes,temporary,31875.149025283445,4,2
1958,treatment,2X6,both,no,no,no,yes,temporary,36266.655944480066,4,3
7,treatment,3Y3,both,no,no,no,no,none,57530.19506328514,7,4
8,treatment,1K0,both,no,no,no,no,temporary,33533.64567906911,4,2
10,treatment,2J4,takeout,no,no,no,no,temporary,20129.293090196024,2,1
27,treatment,5K5,both,no,no,no,no,none,32242.812454414725,4,2
30,treatment,2N2,both,no,no,no,no,none,226735.19784024658,26,14
35,treatment,2M0,takeout,no,no,no,no,none,74819.08321026561,9,5
45,treatment,2M4,both,no,no,no,no,temporary,37631.061555855355,4,2
57,treatment,1J2,both,no,no,no,no,none,65745.78863994632,7,4
59,treatment,1C1,both,no,yes,no,no,temporary,17552.021229693222,2,1
64,treatment,1K2,dinein,no,no,no,no,none,31028.278741852646,3,2
67,treatment,3Y8,both,no,no,no,no,none,34522.92998545739,4,2
68,treatment,1B2,takeout,no,no,no,no,none,43677.87291379827,5,3
81,treatment,1A0,both,no,no,no,no,temporary,42306.628176145816,5,3
86,treatment,2C4,takeout,no,no,no,no,temporary,48083.16611287757,6,3
87,treatment,EEK,both,no,no,no,no,none,41976.44477692706,4,4
88,treatment,5B9,takeout,no,no,no,no,none,44933.15871309531,5,3
90,treatment,1X3,both,no,no,no,no,none,108227.05385797913,12,7
92,treatment,5W7,takeout,no,yes,no,no,none,56440.18632133288,6,4
93,treatment,1T6,takeout,no,no,no,no,none,105209.73666032877,12,7
98,treatment,rio,both,no,no,no,no,temporary,35311.38988177296,4,2
100,treatment,3A5,both,no,no,no,no,none,47295.91237319028,5,3
106,treatment,0Y4,takeout,no,no,no,no,none,59474.443004717556,7,4
122,treatment,4E6,takeout,no,no,no,no,none,58807.65174471432,7,4
124,treatment,2E9,takeout,no,no,no,no,none,51381.62027462642,6,3
127,treatment,3Z9,takeout,no,no,no,no,temporary,41735.408660952264,5,3
130,treatment,0B4,takeout,no,no,no,no,temporary,32842.901538455146,4,2
131,treatment,3B9,takeout,no,no,no,no,none,74494.08231374231,8,5
132,treatment,1B8,both,no,no,no,no,none,42915.98445354034,5,3
148,treatment,1B3,takeout,no,no,no,no,none,69813.55612786565,8,4
152,treatment,3V9,both,no,no,no,no,none,63188.31701403195,7,4
155,treatment,2C2,takeout,no,no,no,no,none,71262.03734257446,8,5
161,treatment,1K0,both,yes,nonanswer,no,no,none,93007.94650788946,11,6
163,treatment,1P8,both,no,yes,no,no,none,26640.229600928014,3,2
176,treatment,1C0,both,no,yes,no,no,none,39738.18979133106,5,3
184,treatment,6J3,both,no,no,no,no,none,92406.18207120475,11,6
203,treatment,3J6,dinein,no,no,no,no,temporary,14342.42613953134,2,1
205,treatment,1M0,takeout,no,no,no,no,none,62780.29903174868,7,4
207,treatment,4Y5,both,no,no,no,no,none,74716.31391498327,8,5
210,treatment,4P3,both,no,yes,no,no,temporary,43756.873526685406,5,3
213,treatment,1A3,takeout,no,no,no,no,none,46821.48021461797,5,3
215,treatment,1G0,both,no,no,no,no,temporary,43318.91776215022,5,3
218,treatment,5Z1,takeout,no,no,no,no,temporary,37876.22293628269,4,3
228,treatment,2C7,both,no,no,no,no,temporary,18092.396916520138,2,1
230,treatment,3A8,takeout,no,yes,no,no,none,67490.15004553113,8,4
244,treatment,4Y8,dinein,no,no,no,no,none,57120.04322618512,7,4
253,treatment,1L0,takeout,no,no,no,no,temporary,46043.53476665949,5,4
258,treatment,7N1,both,no,no,no,no,temporary,13397.813013074963,2,1
263,treatment,2V4,both,no,no,no,no,none,41888.08400799523,5,3
266,treatment,4R4,takeout,no,no,no,no,none,59339.44167500297,7,4
269,treatment,3A6,takeout,no,no,no,no,temporary,38134.866004362375,4,3
274,treatment,2N5,both,no,no,no,no,none,31037.97344971963,4,2
278,treatment,4K1,takeout,no,no,yes,no,none,99677.648809571,11,7
281,treatment,4B9,dinein,no,no,no,no,none,30731.015412673238,4,2
282,treatment,3K9,both,yes,nonanswer,no,no,none,22967.13556503105,3,1
291,treatment,1B1,both,no,no,no,no,none,103003.49427947024,12,6
296,treatment,9X1,both,no,yes,no,no,temporary,27030.295357996572,3,2
297,treatment,1E0,both,no,no,no,no,temporary,42176.55919170107,5,3
300,treatment,2H0,both,no,no,no,no,temporary,10826.028003218928,1,1
310,treatment,2A0,both,no,no,no,no,temporary,16301.89905141216,2,1
315,treatment,1N0,takeout,no,no,no,no,temporary,22769.495535248636,3,1
327,treatment,2A5,takeout,no,no,no,no,none,62035.76596027955,7,4
339,treatment,2K1,takeout,no,no,no,no,none,60794.792486181614,7,4
346,treatment,4P2,both,no,no,no,no,none,55108.9703560159,6,3
351,treatment,2M0,both,no,no,no,no,temporary,6269.234960416185,1,0
354,treatment,2B5,both,no,no,no,no,temporary,32258.665752707737,4,2
376,treatment,1M5,both,no,no,no,no,temporary,29834.349620980385,3,2
378,treatment,1C5,both,no,no,no,no,none,45148.19695684775,5,3
379,treatment,1A0,both,no,yes,no,no,none,32122.157278387003,4,2
383,treatment,2C0,takeout,no,no,no,no,temporary,36126.05704670377,4,2
388,treatment,1K6,both,no,no,no,no,none,24158.124799123554,3,2
393,treatment,1C7,takeout,no,no,no,no,none,84282.32731102097,10,6
400,treatment,5L2,both,no,yes,no,no,temporary,24386.80523767577,3,1
401,treatment,4S8,takeout,no,no,no,no,none,37136.4487453423,4,2
403,treatment,4Z1,both,no,no,no,no,none,62641.71588820513,7,4
405,treatment,4T4,both,no,no,no,no,none,25346.84345216237,3,2
406,treatment,1C4,takeout,no,yes,no,no,none,75658.80567133559,9,5
415,treatment,1B7,both,no,yes,no,no,temporary,43645.595221385054,5,3
418,treatment,3T8,takeout,no,no,no,no,temporary,15074.496258813067,2,1
422,treatment,1S0,takeout,nonanswer,nonanswer,no,no,none,26658.22560305806,3,2
423,treatment,3A6,takeout,no,no,no,no,none,56418.641780844664,6,4
424,treatment,4M8,takeout,no,no,no,no,temporary,32309.939382283064,4,2
426,treatment,1S0,both,no,yes,no,no,none,33751.42383175008,4,2
429,treatment,4J8,both,no,no,no,no,temporary,30790.221255656652,3,2
439,treatment,3M1,both,no,no,no,no,none,74965.76452607423,9,5
444,treatment,7M8,both,no,no,no,no,none,34901.782362186,4,2
445,treatment,6T3,both,no,no,no,no,temporary,20677.266359426074,2,1
448,treatment,4K1,takeout,no,no,no,no,temporary,25439.679727734845,3,2
456,treatment,5C5,takeout,no,no,no,no,none,42576.40454405491,5,3
462,treatment,5X9,both,no,no,no,no,none,70428.36486848068,8,4
467,treatment,1Z6,both,no,no,no,no,temporary,42531.74734746758,5,3
473,treatment,3T5,both,no,no,no,no,temporary,8792.07327971517,1,1
475,treatment,ON,both,no,no,no,no,none,28495.217872048193,3,2
482,treatment,1P0,dinein,no,yes,no,no,none,33414.0514492967,4,2
483,treatment,1L8,takeout,no,yes,no,no,none,70339.68600718699,8,4
484,treatment,1L0,both,no,no,no,no,temporary,18031.804624100256,2,1
491,treatment,1V6,both,no,no,no,no,none,41832.89070166244,5,3
507,treatment,1E0,both,no,no,no,no,none,49558.370431476724,5,4
509,treatment,1S0,both,no,no,no,no,none,49162.69917098142,5,4
516,treatment,1T1,both,no,no,no,no,temporary,48135.561331679804,6,3
524,treatment,ON,both,no,no,no,no,none,64559.40755933614,7,4
527,treatment,6M3,both,no,no,no,no,none,39399.202931501095,5,2
533,treatment,1B2,both,no,yes,no,no,none,38558.3712151169,4,2
534,treatment,3B9,both,no,yes,no,no,temporary,27109.214579685824,3,2
539,treatment,1B0,both,no,no,no,no,temporary,34790.61207720295,4,2
543,treatment,1J2,takeout,no,no,no,no,none,64687.21221991995,7,4
558,treatment,2L2,takeout,no,yes,yes,no,temporary,23049.864707737444,3,1
560,treatment,2B9,takeout,no,no,no,no,temporary,22507.427177230067,2,2
568,treatment,2T2,takeout,no,no,no,no,none,92949.57611322307,11,6
580,treatment,2J9,takeout,no,no,no,no,none,54991.97257551451,6,3
583,treatment,4Z9,both,no,no,no,no,temporary,18610.175501271417,2,1
588,treatment,4Y5,dinein,no,no,no,no,none,104558.4532951102,12,7
598,treatment,2H0,both,no,no,no,no,temporary,28209.92724023549,3,2
599,treatment,2G8,both,no,no,no,no,temporary,39097.569420143285,4,3
601,treatment,EEK,both,no,no,no,no,none,47617.4290813012,5,3
605,treatment,4Y9,takeout,no,no,no,no,temporary,16380.442375011142,2,1
606,treatment,1J0,takeout,no,no,no,no,none,87346.80349971815,10,5
609,treatment,5N8,both,no,no,no,no,none,130667.04387065597,15,8
610,treatment,1P5,dinein,no,yes,no,no,none,21216.325351494983,2,1
615,treatment,5G7,both,no,no,no,no,temporary,19872.00418902174,2,1
621,treatment,ON,both,no,no,no,no,temporary,29378.886198874265,3,2
624,treatment,1T5,takeout,no,no,no,no,temporary,35007.84168768962,4,2
626,treatment,4K9,takeout,no,no,no,no,temporary,37330.36482641045,4,2
634,treatment,1A6,takeout,no,no,no,no,none,106024.51145119207,12,7
637,treatment,0B4,both,no,yes,no,no,temporary,29080.793859938734,3,2
643,treatment,1A9,both,no,no,no,no,temporary,21055.902391834596,2,1
644,treatment,6H1,both,no,no,no,no,temporary,34657.21194223421,4,2
646,treatment,2B1,both,no,no,no,no,none,31948.171110734052,4,2
647,treatment,1S3,both,no,no,no,no,none,47815.21188486723,6,3
650,treatment,0G9,both,no,no,no,no,none,23223.52987690668,3,1
659,treatment,1H0,takeout,no,no,no,no,none,40346.49199805768,5,3
667,treatment,6B9,both,no,no,no,no,none,58921.97617761858,7,4
679,treatment,1J7,both,no,no,no,no,none,35381.56115900396,4,2
691,treatment,1M2,both,no,yes,no,no,temporary,18255.39499372943,2,1
692,treatment,2V8,both,no,no,no,no,temporary,96958.16103347574,11,6
694,treatment,4J8,takeout,no,no,no,no,none,32530.876783323438,4,2
700,treatment,4K1,both,no,no,no,NA,temporary,30918.5329630009,4,2
712,treatment,5J3,takeout,no,no,no,no,none,86161.44339342372,10,6
730,treatment,1J9,both,no,no,no,no,none,25298.022984919422,3,2
738,treatment,1S0,both,no,no,no,no,none,19355.771902936525,2,1
741,treatment,3E5,takeout,no,no,no,no,none,76141.08935107797,9,5
747,treatment,1J8,dinein,no,no,no,no,temporary,14400.927375147337,2,1
748,treatment,2M1,both,no,yes,no,no,none,32183.953424355932,4,2
753,treatment,3V6,dinein,no,no,no,no,none,31191.219866601314,3,2
765,treatment,2L9,both,no,no,no,no,none,95118.75390786352,11,6
769,treatment,6J8,both,no,yes,no,no,none,19969.93080317611,2,1
771,treatment,1J9,takeout,no,no,no,no,temporary,53353.00888639458,6,4
774,treatment,3B4,takeout,no,no,no,no,temporary,31061.247910777816,4,2
782,treatment,0Z5,takeout,no,no,no,no,temporary,52251.89334062514,6,3
787,treatment,3Z9,both,no,no,no,no,none,35588.19792635321,4,2
790,treatment,6H2,both,no,no,no,no,temporary,21919.24905835273,3,1
795,treatment,1C7,takeout,no,no,no,no,none,58356.859651291954,6,4
802,treatment,0A1,both,no,no,no,no,temporary,69159.72010021031,8,4
803,treatment,3M8,both,no,no,no,no,none,22088.71102826067,3,1
812,treatment,6A2,both,no,yes,yes,no,NA,24064.069984234444,3,2
820,treatment,4B6,both,no,no,no,no,none,28699.14712314703,3,2
831,treatment,2X5,both,no,no,no,no,temporary,11241.397052993052,1,1
834,treatment,2N1,both,no,no,no,no,none,39967.2337599524,4,3
835,treatment,5Y1,both,no,no,no,no,none,92948.21739157698,11,6
851,treatment,3Y4,both,no,no,no,no,temporary,24944.67849769663,3,2
857,treatment,1K1,both,no,yes,no,no,temporary,89419.36670231205,10,5
870,treatment,1B5,takeout,no,no,no,no,none,57948.73849773916,6,4
871,treatment,3B4,takeout,no,no,no,no,none,56007.30190676899,6,4
878,treatment,2Y8,takeout,no,no,no,no,none,74365.01618238533,8,5
880,treatment,8K4,both,no,no,no,no,none,228052.3421982952,26,15
882,treatment,1A0,both,no,no,no,no,none,64953.80179103032,7,4
897,treatment,3J6,both,no,yes,no,no,temporary,9973.212346781449,1,1
908,treatment,2V3,takeout,no,no,no,no,temporary,30420.718906442067,3,2
911,treatment,ON,both,no,no,no,no,none,54457.4933145986,6,4
912,treatment,2L1,takeout,no,no,no,no,temporary,31450.87097452446,4,2
915,treatment,2P2,both,no,no,no,no,temporary,20170.441699890194,2,1
918,treatment,1B0,both,no,no,no,no,none,38644.89620245432,4,2
919,treatment,1K8,both,no,no,no,no,temporary,34718.20597176882,4,2
925,treatment,1J8,both,no,no,no,no,none,27664.086768108715,3,2
928,treatment,2R1,takeout,no,no,no,no,none,35429.993820292424,4,2
936,treatment,1Z5,both,no,no,no,no,none,45942.22956052295,5,3
937,treatment,4V9,both,no,no,no,no,none,41588.195472608386,5,3
961,treatment,5N8,both,no,no,no,no,none,63710.223481375826,7,5
966,treatment,1S6,both,nonanswer,yes,no,no,none,45392.08148937112,5,3
967,treatment,1G3,both,no,no,no,no,temporary,26531.99558866923,3,2
971,treatment,3V5,takeout,no,no,no,no,temporary,27481.81050798421,3,2
976,treatment,3A8,takeout,no,no,no,no,none,58082.49355691421,7,4
979,treatment,1A3,both,no,no,no,no,none,38844.610539960064,4,3
990,treatment,2W5,both,no,no,no,no,none,74341.23914028071,8,5
994,treatment,1B0,both,no,no,no,no,none,32064.75966051845,4,2
998,treatment,1J0,both,no,no,no,no,none,45434.1151112624,5,3
1008,treatment,2Y1,both,no,yes,no,no,temporary,47514.96249925679,5,3
1013,treatment,2K0,both,no,no,no,no,none,39819.105041524956,5,2
1014,treatment,3K1,both,no,no,no,NA,none,26817.581368641415,3,2
1017,treatment,5V2,both,no,no,no,no,none,65454.22438228951,7,4
1019,treatment,1S4,takeout,no,no,yes,no,temporary,28169.443548160227,3,2
1021,treatment,2H0,both,no,no,no,no,temporary,44087.28013197939,5,3
1029,treatment,4X5,both,no,yes,no,no,temporary,14659.130063427678,2,1
1032,treatment,0A2,both,no,no,no,no,none,22643.143601722353,3,1
1034,treatment,1C0,both,no,no,no,no,temporary,13310.234875043481,1,1
1035,treatment,1C3,takeout,no,yes,no,no,temporary,45150.63589471726,5,3
1036,treatment,4J4,both,no,no,no,no,temporary,78693.13136883972,9,5
1041,treatment,4S6,both,no,no,no,no,temporary,25223.419987425816,3,2
1059,treatment,ON,both,no,no,no,no,none,20872.24735341039,2,1
1065,treatment,4W9,both,no,no,no,no,temporary,45042.01868711317,5,3
1075,treatment,1Z6,both,no,yes,no,no,none,61836.0667646359,7,4
1077,treatment,1C3,takeout,no,yes,no,no,temporary,16266.964238734077,2,1
1080,treatment,1L8,takeout,no,no,no,no,temporary,26607.516483432337,3,2
1081,treatment,1V1,both,no,yes,no,no,temporary,32219.6924244281,4,2
1093,treatment,1S4,both,no,yes,no,no,none,40789.72797464911,5,3
1096,treatment,1J2,both,no,no,no,no,none,87669.08234044623,10,5
1100,treatment,5S2,both,no,no,no,no,temporary,27923.678121830155,3,2
1101,treatment,4N4,takeout,no,no,no,no,temporary,36514.19618394701,4,2
1115,treatment,1H6,both,no,no,no,no,none,91253.035550678,10,6
1118,treatment,1G4,takeout,no,no,no,no,temporary,41757.138451090534,5,3
1124,treatment,1K0,takeout,no,no,no,no,temporary,88377.06802265465,10,6
1129,treatment,4T9,takeout,no,no,no,no,none,63933.14926549948,7,4
1130,treatment,4S7,both,no,no,no,no,temporary,23138.855642629518,3,1
1131,treatment,2W1,takeout,no,no,no,no,none,82493.50596119204,9,5
1138,treatment,1A2,both,no,yes,no,no,temporary,28802.574699933553,3,2
1142,treatment,2M4,takeout,no,no,no,no,none,91474.23285458378,11,6
1146,treatment,6W2,takeout,no,no,no,no,temporary,19065.280369913326,2,1
1147,treatment,0A6,both,no,no,no,no,temporary,29061.501937997888,3,2
1152,treatment,6H2,both,no,no,no,no,temporary,21919.963403749138,3,1
1168,treatment,1H3,takeout,no,no,no,no,none,89643.8970587764,10,6
1169,treatment,1G0,both,no,yes,no,no,none,51967.08408594853,6,3
1170,treatment,1A9,both,no,no,no,no,none,NA,4,2
1172,treatment,1V6,both,no,no,no,no,none,18611.57545897631,2,1
1173,treatment,1L0,takeout,no,yes,no,no,none,52495.088313519605,6,3
1177,treatment,1H0,both,no,no,no,no,none,47149.00131161221,5,3
1178,treatment,1L0,takeout,no,yes,no,no,none,62816.61019507582,7,4
1182,treatment,1S4,both,no,no,no,no,none,26812.737058991865,3,2
1183,treatment,1C0,both,no,no,no,no,temporary,17429.76514385337,2,1
1185,treatment,6H3,both,no,no,no,no,temporary,7312.674043075122,1,0
1187,treatment,3J6,takeout,no,no,no,no,temporary,31289.902092597255,4,2
1191,treatment,1S4,takeout,no,no,no,no,none,44271.14855669168,5,3
1198,treatment,1J0,takeout,no,yes,no,no,temporary,30301.77008802961,3,2
1202,treatment,1B1,both,no,no,no,no,temporary,25366.07913546879,3,2
1204,treatment,1K3,both,no,no,no,no,none,NA,4,2
1205,treatment,1N1,dinein,no,no,no,no,none,54422.35332284761,6,3
1209,treatment,2C0,both,no,no,no,no,none,35760.73230539535,4,2
1210,treatment,1K9,both,no,no,no,no,none,26913.754488117924,3,2
1211,treatment,1B4,takeout,no,no,no,no,none,53042.633674205594,6,4
1213,treatment,3E6,both,no,no,no,no,temporary,33854.482924409356,4,2
1216,treatment,3K9,both,no,no,no,no,none,51746.09183766579,6,3
1227,treatment,1A9,both,nonanswer,yes,no,no,temporary,70148.17672809765,8,5
1229,treatment,1B5,both,no,yes,no,no,temporary,54739.31447800927,6,3
1230,treatment,4A3,dinein,no,no,no,no,none,27668.980219429224,3,2
1243,treatment,2L5,both,yes,nonanswer,no,no,none,74218.50767450388,9,5
1245,treatment,1P0,both,no,no,no,no,none,53890.369588033725,6,3
1246,treatment,8A8,takeout,no,no,no,no,temporary,11646.262560876039,1,1
1249,treatment,TON,takeout,no,no,no,no,none,39702.62318375941,5,3
1252,treatment,5W7,both,no,no,no,no,none,25753.36204345727,3,2
1267,treatment,2S1,takeout,no,no,no,no,none,168727.27642329663,20,10
1268,treatment,3V4,both,no,no,no,no,none,72822.56705596612,8,5
1270,treatment,ON,takeout,no,no,no,no,temporary,41748.13100254829,5,3
1273,treatment,5T9,NA,no,no,no,no,temporary,56401.3567842353,6,4
1278,treatment,2B0,both,no,no,no,no,temporary,27880.788551624253,3,2
1283,treatment,1P8,both,no,no,no,no,none,48272.477372270376,6,3
1284,treatment,1H9,both,no,yes,no,no,none,30778.787656494547,4,2
1285,treatment,ON,both,no,NA,no,no,none,62420.78997665009,7,4
1297,treatment,1B0,takeout,no,no,no,no,temporary,18558.046452775667,2,1
1307,treatment,0G5,both,no,no,no,no,temporary,29486.738064237325,3,2
1322,treatment,1T2,both,no,no,no,no,none,35648.98991122893,4,2
1337,treatment,2A0,takeout,no,no,no,NA,none,30340.51881763005,4,2
1341,treatment,2L9,both,no,no,no,no,none,34077.80866477753,4,2
1344,treatment,1B8,dinein,no,no,no,no,temporary,11137.93603888872,1,1
1348,treatment,2A9,takeout,no,no,no,no,none,33624.188492373236,4,2
1350,treatment,ON,both,no,no,no,no,none,49482.66214926147,6,3
1355,treatment,1B8,both,no,yes,no,no,temporary,30681.914444142945,3,2
1366,treatment,2B9,both,no,no,no,no,temporary,22812.30863674021,3,2
1370,treatment,eek,both,no,no,no,no,none,63711.14553620849,7,4
1376,treatment,ON,both,no,yes,no,no,none,66532.63775307563,8,4
1378,treatment,5P9,both,no,no,no,no,none,32617.60619125098,4,2
1384,treatment,5C5,takeout,no,no,no,no,none,47166.16405991602,5,3
1397,treatment,2V2,takeout,no,no,no,no,temporary,56814.20683483512,6,4
1400,treatment,ON,both,no,no,no,no,none,66560.81127215565,8,4
1401,treatment,ON,both,no,no,no,no,none,76402.74585382488,9,5
1405,treatment,2Y2,both,no,no,no,no,none,28294.426281559503,3,2
1406,treatment,3B3,takeout,no,no,no,no,none,34180.2276075763,4,2
1407,treatment,3T1,both,no,yes,no,no,none,78661.24457898522,9,5
1409,treatment,2Z1,both,no,no,no,no,none,55195.653065211794,6,4
1410,treatment,1X7,both,no,yes,no,no,temporary,32589.33936508516,4,2
1413,treatment,1R8,takeout,no,no,no,no,temporary,18140.649171629655,2,1
1427,treatment,TON,both,no,no,no,no,temporary,32407.723860124337,4,2
1429,treatment,1E6,takeout,no,no,nonanswer,no,temporary,40726.82953500923,4,3
1432,treatment,1B7,both,no,no,no,no,none,82952.53209447529,9,6
1436,treatment,ton,both,no,no,no,no,none,39426.7257844941,5,2
1437,treatment,1L9,both,no,no,no,no,none,29512.246128043193,NA,2
1438,treatment,1P6,takeout,no,no,no,no,none,96916.99714293159,11,6
1439,treatment,1M3,takeout,no,yes,no,no,none,52511.08966343805,6,4
1455,treatment,1B2,dinein,no,no,no,no,temporary,37723.15952023843,4,2
1462,treatment,3S5,takeout,no,no,no,no,none,83439.87303559956,9,6
1469,treatment,rio,takeout,no,yes,no,no,none,56258.59614455291,6,4
1471,treatment,1H8,takeout,no,no,no,no,none,82818.15907640549,9,5
1474,treatment,EEK,both,no,yes,no,no,temporary,33249.049027085595,4,2
1483,treatment,3K2,both,no,no,no,no,none,67134.64613397425,8,4
1486,treatment,2A7,both,no,yes,no,no,none,44203.35303159186,5,3
1487,treatment,6H2,both,no,no,no,no,none,23450.155116025624,3,1
1488,treatment,4Z8,both,no,no,no,no,temporary,26960.62886192631,3,2
1491,treatment,4A8,takeout,no,no,no,no,temporary,21858.786707711748,3,1
1494,treatment,5K2,takeout,no,no,no,no,temporary,23506.218387602334,3,1
1504,treatment,rio,both,no,yes,no,no,none,45585.23243696441,5,3
1515,treatment,1T0,both,no,no,no,no,none,48880.872306341524,6,3
1524,treatment,4N3,takeout,no,no,no,no,none,57363.687657935065,7,4
1531,treatment,1K2,both,no,no,no,no,none,43234.33081935124,5,3
1537,treatment,2X0,both,no,no,no,no,temporary,20867.119311995128,2,1
1540,treatment,1L4,both,no,no,no,no,none,54316.08720545397,6,3
1545,treatment,1A2,both,no,no,no,no,none,51275.13474680573,6,3
1553,treatment,0E5,both,no,no,no,no,temporary,45868.795006282635,5,3
1561,treatment,3G0,both,no,no,no,no,temporary,20666.18055123809,2,1
1564,treatment,1A1,both,no,no,no,no,none,30315.11532149765,3,2
1592,treatment,rio,both,no,no,no,no,none,54481.38500859063,6,4
1597,treatment,3V9,takeout,no,no,no,no,none,90437.25564797134,10,6
1598,treatment,1G3,takeout,no,no,no,no,temporary,23387.431424693586,3,2
1600,treatment,1S0,both,no,yes,no,no,none,50946.22489035658,6,3
1601,treatment,ON,both,no,yes,no,no,none,32321.9065401437,4,2
1607,treatment,1P0,both,no,no,no,no,none,40618.631154880786,5,3
1612,treatment,5N9,takeout,NA,no,no,no,none,126061.19707080231,14,8
1613,treatment,6H5,both,no,no,no,no,none,36736.88633356873,4,2
1614,treatment,0A4,both,no,no,no,no,none,135286.1771703461,16,8
1619,treatment,1K0,takeout,no,no,no,no,temporary,43733.92612752925,5,3
1629,treatment,2B9,both,no,no,no,no,none,47656.15132264929,6,3
1630,treatment,1B0,takeout,no,no,no,no,none,25521.96798900577,3,2
1645,treatment,1M0,takeout,yes,nonanswer,no,no,none,65851.75919103116,8,4
1647,treatment,2Y9,dinein,no,no,no,no,none,25657.220926452388,3,2
1656,treatment,2K9,both,no,no,no,no,none,42202.68333074444,5,3
1664,treatment,1E0,takeout,no,no,no,no,none,28865.831542527085,3,2
1671,treatment,6Z4,takeout,no,no,no,no,none,28490.00281817504,3,2
1678,treatment,ON,dinein,no,no,no,no,none,33311.05405784148,4,2
1689,treatment,1G6,takeout,no,no,no,no,none,50725.28504179805,6,3
1694,treatment,6N6,both,no,no,no,no,none,47164.82101633008,5,3
1699,treatment,3V9,takeout,no,no,no,no,none,37655.12425262789,4,2
1712,treatment,1N0,takeout,no,no,no,no,none,51996.7599793559,6,3
1714,treatment,6H2,both,no,no,no,no,temporary,10047.076507273334,1,1
1715,treatment,1H8,takeout,no,no,no,no,temporary,51282.897968772675,6,4
1729,treatment,2P2,takeout,no,no,no,no,temporary,38021.29302736916,4,2
1730,treatment,4X3,both,no,no,no,no,temporary,41525.758329501114,5,3
1739,treatment,1H9,takeout,no,no,no,no,temporary,34939.51106346607,4,2
1743,treatment,3A5,both,no,yes,no,no,temporary,31874.667784733305,4,2
1765,treatment,4Y7,both,no,no,no,no,temporary,70753.68853355781,8,5
1766,treatment,1H5,both,no,no,no,no,temporary,44900.421473168266,5,3
1772,treatment,2Y6,both,no,no,no,no,none,48324.44097525664,6,3
1773,treatment,1K3,both,no,no,no,no,none,54076.48959802182,6,4
1774,treatment,2B8,both,no,no,no,no,none,28574.643984079845,3,2
1783,treatment,2A1,takeout,no,yes,no,no,temporary,14617.615704241256,2,1
1787,treatment,4J9,both,no,no,no,no,temporary,29515.163646942623,3,2
1790,treatment,4Y7,takeout,no,no,no,no,none,50140.95102790001,6,3
1795,treatment,4Z7,both,no,no,no,no,temporary,33591.60269405306,4,2
1800,treatment,1Y1,both,no,yes,no,no,none,72161.0358948583,8,5
1803,treatment,7Y1,takeout,no,no,no,no,none,62949.70286888893,7,4
1807,treatment,1T8,both,no,no,no,no,temporary,24450.547786017018,3,2
1809,treatment,3N2,both,no,no,no,no,none,71889.31266251995,8,5
1812,treatment,5C2,takeout,no,no,no,no,none,79645.96857626957,9,5
1821,treatment,1V8,both,no,no,no,no,none,24694.821572645844,3,2
1824,treatment,3S7,both,no,no,no,no,none,93512.27519280477,11,6
1839,treatment,2L7,takeout,no,no,no,no,none,235291.1288946411,27,15
1843,treatment,1C5,both,no,no,no,no,temporary,14544.11100577955,2,1
1845,treatment,5A4,takeout,no,no,no,no,none,67547.47215320423,8,4
1853,treatment,1E3,takeout,no,yes,no,no,temporary,39965.023697317876,5,3
1855,treatment,1M3,both,no,no,no,no,none,43990.344417526976,5,3
1856,treatment,1W0,both,no,yes,no,no,temporary,25465.304848223554,3,2
1859,treatment,1L0,both,no,no,no,no,none,32873.15636821789,4,2
1861,treatment,1P0,takeout,no,yes,no,no,none,97356.40798427384,11,6
1874,treatment,5C5,both,no,yes,no,no,none,52003.57734858251,6,3
1876,treatment,2W0,both,no,no,no,no,none,42711.23338263714,5,3
1879,treatment,3E5,takeout,no,yes,no,no,none,82723.39940138489,10,5
1880,treatment,2H0,takeout,no,no,no,no,none,113139.4378974984,13,8
1883,treatment,3S1,both,no,no,no,no,none,71672.42719382429,8,4
1886,treatment,4Z3,takeout,no,no,no,no,temporary,22749.237203780573,3,2
1887,treatment,1V6,both,no,no,no,no,none,37743.905193097125,4,2
1892,treatment,1A7,both,no,no,no,no,temporary,13291.547739238844,1,1
1900,treatment,6P4,takeout,no,no,no,no,none,84358.93914773717,10,5
1907,treatment,1E1,both,no,no,no,no,none,83981.59514505902,9,6
1909,treatment,1H0,both,no,no,no,no,none,70491.86790066362,8,5
1916,treatment,1Z8,takeout,no,no,no,no,temporary,14606.808632822547,2,1
1919,treatment,2J6,takeout,no,no,no,no,none,51107.88521180952,6,3
1927,treatment,2A0,both,no,no,no,no,none,56431.33676747335,6,4
1928,treatment,1K0,both,no,yes,no,no,none,74482.36847241438,8,5
1943,treatment,6S4,both,no,no,no,no,temporary,29744.046034538213,3,2
1946,treatment,1H1,both,no,no,no,no,none,54903.41376876743,6,4
1952,treatment,1V1,both,no,no,no,no,none,58764.80182664535,7,4
1959,treatment,1S7,takeout,no,no,no,no,none,49092.37680642544,6,3
1964,treatment,1K3,both,nonanswer,yes,no,no,none,60993.98140026923,7,4
2001,treatment,1X0,both,no,no,no,no,none,92002.64936981193,10,6
2002,treatment,1B1,both,no,no,no,no,temporary,18122.828438621425,2,1
5,control,1B0,both,no,yes,no,no,none,70798.68857607934,8,5
9,control,0H4,takeout,no,no,no,no,none,59176.12445915453,7,4
13,control,1X8,takeout,no,no,no,no,none,72502.30707682463,8,5
15,control,9A2,both,no,no,no,no,none,63404.288701343285,7,4
16,control,3B5,takeout,no,no,no,yes,none,49155.111911627246,6,3
17,control,6J8,both,no,no,no,no,none,127537.06642168314,15,8
32,control,1K5,takeout,no,no,no,no,none,40730.472774753034,5,3
38,control,0A6,takeout,no,no,no,yes,none,102658.96203974902,12,7
39,control,5W6,both,no,no,no,yes,none,65924.68345703288,8,4
50,control,1T7,both,no,no,no,no,none,89378.36119336897,10,5
53,control,1B5,both,no,no,no,no,none,44739.481391142755,5,3
60,control,3B1,both,no,no,no,no,none,77060.31677971217,9,6
62,control,1A3,both,no,yes,no,no,none,69699.31454758717,8,5
71,control,1W3,both,no,no,no,no,none,17394.541984730782,2,1
75,control,3H8,both,no,no,no,yes,none,58611.03545374911,7,4
82,control,1P4,takeout,no,no,no,no,none,71769.79637700848,8,5
95,control,7M5,takeout,no,no,no,no,none,57358.64924789328,7,4
96,control,2J6,both,no,yes,no,no,none,29537.89887678904,3,2
97,control,3K6,takeout,no,no,no,no,none,192604.2649866779,22,13
101,control,7C5,dinein,no,no,no,no,none,81215.49033578977,9,5
102,control,2M7,both,no,no,no,no,none,61800.94196923112,7,4
103,control,4V3,both,no,no,no,no,none,34066.60260586208,4,2
108,control,3L2,both,no,no,no,no,none,52841.97549497648,6,4
109,control,1H3,dinein,no,no,no,no,none,81735.2004613131,9,6
121,control,2J6,takeout,no,no,no,no,none,53562.319212888004,6,4
126,control,3A4,takeout,no,yes,no,no,none,31802.851960884545,4,2
137,control,5W6,both,no,no,no,no,none,11871.481534429413,1,1
139,control,1N7,both,no,no,no,no,none,46245.134773093465,5,3
141,control,1W1,both,nonanswer,nonanswer,no,no,none,161762.37624269613,18,11
146,control,1G1,both,no,yes,no,no,none,89765.9489134687,10,6
153,control,3Z1,both,no,no,no,no,none,59200.915428777196,7,4
160,control,1A8,both,no,no,no,no,none,78090.60987169253,9,5
166,control,2G0,takeout,no,no,yes,no,none,78186.43600957056,9,5
169,control,2Y7,takeout,no,no,no,no,none,109773.43117886261,12,8
170,control,3G2,dinein,no,no,no,no,none,68823.64059415646,8,4
173,control,2T4,dinein,no,no,no,no,none,56396.70594034588,7,3
174,control,1X5,both,no,no,no,no,none,105244.8494818313,12,7
180,control,1W4,takeout,no,no,no,no,none,151753.07016295442,17,10
187,control,ON,both,no,no,no,no,none,38941.14766614233,4,3
188,control,1H0,both,no,no,no,no,none,44030.87290084446,5,3
189,control,1C4,both,no,no,no,no,none,39201.735597631996,4,3
193,control,2Z7,both,no,no,no,no,none,80192.22829886255,9,6
194,control,4K7,both,no,no,no,no,none,48008.90238624727,5,3
197,control,4A9,both,no,yes,no,yes,none,85502.56079553158,10,5
200,control,3C5,both,no,no,no,no,none,27132.809813638225,3,2
201,control,2S3,takeout,no,no,no,no,none,48893.34924084239,5,3
204,control,6G6,both,no,no,no,no,none,55263.58438452117,6,4
208,control,4R8,both,no,no,no,no,none,107289.93213426009,12,7
214,control,1A5,both,no,no,no,no,none,63191.49416789808,7,4
219,control,6N4,takeout,no,no,no,no,none,57568.69554067792,7,4
227,control,6Y4,both,no,no,no,no,none,90513.84829839182,10,6
234,control,4A9,both,no,no,no,no,none,94550.43368038627,11,6
235,control,1S3,takeout,no,no,nonanswer,no,none,59512.387804322876,7,4
238,control,3K7,takeout,no,no,no,no,none,44871.23727636703,5,3
239,control,7T2,both,no,no,no,no,none,56283.388383455305,6,4
243,control,5L4,both,no,no,no,no,none,88978.28306332274,10,6
247,control,2L1,both,no,no,no,no,none,43295.9408500144,5,3
248,control,3A4,takeout,no,no,no,yes,none,37484.80219137421,4,2
257,control,4L9,both,no,yes,nonanswer,no,none,51499.86606593279,6,3
259,control,3G1,both,no,no,no,no,permanent,14935.104120571685,2,1
267,control,0K4,both,no,yes,yes,no,none,80344.71579930016,9,6
273,control,1A0,takeout,no,yes,no,no,none,108461.86008926679,12,7
284,control,1A3,takeout,no,no,no,yes,none,68495.42725837587,8,5
285,control,3V4,both,no,yes,no,nonanswer,none,49254.66287380006,6,3
286,control,3K3,both,no,no,no,no,none,63724.455134669974,7,4
288,control,4C7,both,no,no,no,no,none,53917.17315426674,6,4
295,control,3R2,both,no,no,no,no,none,52584.939183082846,6,4
304,control,6L6,both,no,no,no,no,none,42810.15190069596,5,3
305,control,3R2,both,no,yes,no,no,none,75777.12606876394,8,5
307,control,2K0,both,no,no,no,yes,none,48658.940389577,6,3
317,control,7R9,both,no,no,no,no,none,68480.150759501,8,4
321,control,3C2,dinein,no,no,no,no,none,85956.91839227645,10,6
325,control,4G8,takeout,no,yes,no,no,none,40066.9317296323,5,3
328,control,2K5,dinein,no,no,no,no,none,60821.08231885985,7,4
331,control,2K7,both,no,yes,no,no,none,46498.04306862876,5,3
335,control,4Z6,both,no,no,no,no,none,93299.49755852784,10,7
336,control,2E8,both,no,no,no,no,none,70067.39303584237,8,5
350,control,1R4,both,no,no,no,no,none,154983.46635553442,18,10
352,control,1S4,dinein,no,yes,no,no,none,52624.65243821833,6,3
359,control,3E1,both,no,no,no,no,none,35758.56578303193,4,3
361,control,3K6,takeout,no,no,no,no,none,108504.2244186631,12,7
362,control,1W4,both,no,no,no,no,none,29169.375626970657,3,2
363,control,1G5,both,no,yes,no,no,none,61155.771360445244,7,4
364,control,3M4,dinein,no,no,no,no,none,20043.805964383027,2,1
369,control,2T7,both,no,no,no,no,none,64243.92301183076,7,4
372,control,0L3,both,no,no,no,no,none,49650.83952422121,6,3
373,control,1A6,both,no,no,no,no,none,42227.701851524864,5,3
380,control,5E3,takeout,no,no,no,no,none,26900.66653235198,3,2
392,control,ON,both,no,no,no,no,none,55869.89737198867,6,4
395,control,1B8,dinein,no,yes,no,no,none,43497.47283860605,5,3
396,control,3G3,both,no,no,no,no,none,38236.28607006787,4,2
411,control,1A9,takeout,no,no,no,no,none,70707.17091662192,8,5
413,control,3L6,both,no,no,no,no,none,60056.621932821494,7,4
421,control,ON,both,no,no,no,no,none,52031.33637576711,6,4
436,control,4A9,both,no,yes,no,yes,none,58059.64021081232,7,4
438,control,2M0,takeout,no,no,no,yes,none,58788.95482154345,7,4
442,control,2B9,both,no,no,nonanswer,no,none,34261.28449482469,4,3
449,control,1A2,both,no,no,no,no,none,50344.26392331525,6,3
450,control,5A5,both,no,no,no,no,temporary,19237.444059541387,2,1
452,control,5P5,both,no,no,no,no,none,65210.74348378307,7,4
455,control,7K7,takeout,no,no,no,no,none,49902.29707004745,6,3
457,control,5G5,takeout,no,no,no,no,none,32610.60720422099,4,2
468,control,6A1,takeout,no,no,no,no,none,50830.90531873113,6,4
478,control,2S0,takeout,no,no,no,no,none,61264.60928118855,7,4
479,control,6S2,takeout,no,no,no,no,none,121469.95366234997,14,8
480,control,2M3,dinein,no,no,no,no,none,65385.04830833772,7,4
488,control,6L3,takeout,no,no,no,no,none,58492.87415201315,7,4
493,control,5N8,takeout,no,no,no,no,none,26156.945497803983,3,2
505,control,1C8,takeout,no,no,no,no,none,90529.84279734053,10,6
510,control,1E0,takeout,no,yes,no,no,none,33124.982191628245,4,2
517,control,3Z7,takeout,no,no,no,no,none,89176.47378883987,10,6
522,control,7K5,both,no,no,no,no,none,58521.70695249435,7,4
528,control,3W4,both,no,no,no,no,none,79717.34881021887,9,5
532,control,6R9,takeout,no,no,no,yes,none,135447.9467899431,15,9
535,control,1G1,both,no,no,no,yes,none,54122.52352781855,6,4
537,control,1L0,takeout,no,no,no,no,none,71726.5619941428,8,4
540,control,4R7,both,no,no,yes,no,none,94498.4494478041,11,6
555,control,2K5,both,no,no,no,no,none,32691.991378692528,4,2
556,control,1C8,takeout,nonanswer,yes,no,no,none,65979.1452837916,7,5
563,control,0A6,both,no,no,yes,no,none,104788.23263236794,12,6
572,control,3E9,both,no,yes,no,no,none,118843.10432096662,14,7
577,control,1E8,both,no,yes,no,no,none,52584.86556722225,6,4
590,control,2A0,both,no,yes,no,no,none,104875.77174372273,12,6
593,control,3Z9,both,no,no,no,no,none,27046.504157088017,3,2
597,control,1P2,takeout,no,no,no,no,none,75798.75123533486,8,6
618,control,7R2,both,no,no,no,no,none,95663.00167727073,11,6
627,control,6J8,takeout,no,no,no,no,none,128020.74908624077,15,8
628,control,1J8,takeout,no,no,no,no,none,36317.77754847552,4,3
633,control,3G1,takeout,no,yes,no,yes,none,98807.29765811279,11,7
653,control,5S8,dinein,no,no,no,yes,none,23417.09725683469,3,2
657,control,1T1,takeout,no,no,no,no,none,38333.91141530285,4,2
660,control,8B2,takeout,no,yes,no,no,none,44457.995159483995,5,3
664,control,3T6,both,no,no,no,no,none,130109.73164175749,15,9
666,control,1N6,takeout,no,no,no,no,none,76534.195797092485,8,5
676,control,1W4,takeout,no,no,no,yes,none,86876.05926027898,10,6
680,control,5J9,both,no,no,no,no,none,86164.54598714384,10,5
685,control,2A6,dinein,no,no,no,no,none,136723.79632189323,16,9
688,control,6C2,both,no,no,no,no,none,28178.475321169484,3,2
698,control,3E4,takeout,no,no,no,no,none,78849.10389084811,9,5
718,control,2Z7,takeout,no,yes,no,no,NA,81098.9431755366,9,5
720,control,3S7,both,no,no,no,no,none,96809.46277429999,11,6
723,control,1R1,both,no,no,no,no,none,29956.578379834104,3,2
731,control,1K6,both,no,no,no,no,none,138067.26191187845,16,9
750,control,2C0,both,no,no,no,no,none,44967.809187268635,5,3
757,control,3K7,both,no,yes,no,no,none,39497.025100941115,4,3
758,control,3G7,both,no,no,no,no,none,61241.898153857685,7,4
759,control,4G7,both,no,yes,no,no,none,86177.8491446051,10,6
760,control,1P7,takeout,no,no,no,no,none,89300.46266589423,10,6
762,control,4W6,takeout,no,no,no,no,none,83773.67186943974,9,6
763,control,1H0,takeout,no,no,no,yes,none,60565.547007414265,7,4
772,control,N2G,takeout,no,no,no,no,none,57567.845781455886,7,4
786,control,3T6,both,no,no,no,no,none,66707.04620148416,8,4
792,control,6L9,both,no,no,no,no,none,87763.81034552176,10,6
793,control,4R7,takeout,no,no,no,no,none,30092.989459316588,3,2
794,control,4B1,both,no,no,no,no,none,117220.78830688138,14,7
797,control,1G0,both,no,no,no,no,none,205563.65464453938,24,13
800,control,2W1,both,no,no,no,no,none,58632.15745648334,7,4
804,control,1J0,both,no,no,no,no,none,48925.7965030551,6,3
807,control,3N9,takeout,no,no,yes,no,none,60793.87498951912,7,4
809,control,2L3,dinein,no,no,no,no,none,55639.410516053096,6,3
815,control,2Z4,both,no,no,no,no,none,35172.6405794376,4,2
818,control,1Z7,both,no,no,no,no,none,50656.96950968649,6,3
819,control,4S3,both,no,yes,no,NA,none,72143.99514744764,8,5
823,control,1H6,both,no,no,no,no,none,76107.25315347598,9,5
830,control,ON,both,no,no,no,no,none,31192.151386008478,4,2
836,control,1E6,both,no,no,no,no,none,78473.38317012499,9,5
837,control,1W3,both,no,no,no,no,none,132722.4812551806,15,8
841,control,0B2,both,no,no,no,no,none,99330.70597467954,11,7
847,control,3R3,both,no,no,no,no,none,82108.07787222357,9,5
855,control,1C1,takeout,no,no,no,no,none,44684.87451326351,5,3
856,control,rio,both,no,no,no,no,none,87793.57394568229,10,6
866,control,2B9,both,no,no,no,no,none,80809.06803171495,9,5
867,control,1J8,dinein,no,yes,no,no,none,33255.917295135274,4,2
872,control,2R6,both,no,no,no,no,none,42059.611976375905,5,3
875,control,0C5,both,no,no,no,no,none,58296.70022313652,7,4
877,control,2A0,both,no,no,no,no,none,213836.49518813659,24,14
883,control,1A7,both,no,yes,no,no,none,54212.7043537366,6,3
889,control,3G1,both,no,no,no,no,none,41545.727130783176,5,3
890,control,1B7,both,no,no,NA,no,none,38569.13884331587,4,2
892,control,1S3,both,no,yes,no,no,none,54957.20600190392,6,3
894,control,4M3,both,no,no,no,no,none,146166.03201450943,17,9
895,control,0A3,NA,no,yes,no,no,none,54532.34958314245,6,3
900,control,3Z8,dinein,no,no,no,no,none,48518.158892368956,6,3
901,control,2N0,takeout,no,no,no,no,none,66341.64571191104,8,4
904,control,1J3,both,no,no,no,no,none,100719.61691958693,12,6
905,control,ON,both,no,no,no,no,none,69711.43698113468,8,4
921,control,6B3,takeout,no,no,no,yes,none,114032.13631017093,13,8
932,control,4S1,both,no,no,no,no,none,37845.67638416817,4,3
935,control,5M9,takeout,no,yes,no,no,none,61551.62023657163,7,4
940,control,2P7,both,no,no,no,no,none,128067.49959557485,14,9
944,control,5A5,both,no,no,no,yes,none,53849.258496752285,NA,4
953,control,rio,both,no,no,no,no,none,77826.97872554579,9,5
954,control,1B7,both,no,no,no,yes,none,50863.114487433486,6,3
975,control,rio,both,no,no,no,no,none,100311.42213777183,11,7
981,control,2Y8,takeout,no,no,no,NA,none,69890.40487564905,8,5
985,control,1P5,both,no,no,no,yes,none,104495.56451372622,12,7
991,control,1B6,both,no,yes,no,no,none,78078.00934193002,9,5
996,control,ON,both,no,yes,no,no,none,89482.00926056391,10,5
1003,control,1P5,both,no,no,no,no,none,62728.54630968223,7,4
1004,control,1R0,both,no,no,no,no,none,94167.24727517243,11,6
1005,control,4G8,both,no,no,no,no,none,62800.37413559211,7,4
1006,control,7E3,both,no,no,no,no,none,105252.65747883165,12,7
1016,control,0G6,both,no,no,no,no,none,80209.26760662724,9,5
1024,control,4A9,both,no,no,no,no,none,34578.590224617,4,2
1040,control,4M1,both,no,no,no,no,none,86909.51028189044,9,7
1043,control,2G4,both,no,no,no,no,none,41926.32939909547,5,3
1045,control,4Z1,both,no,yes,no,no,none,38027.94966200583,4,3
1051,control,4S2,both,no,no,no,no,none,34662.47718053577,4,2
1055,control,1G2,takeout,no,no,no,no,none,113879.65141109978,13,8
1058,control,1T8,takeout,no,no,no,no,none,93256.78289493878,11,6
1060,control,1P2,takeout,no,no,no,no,none,73174.79393031697,8,5
1063,control,3N5,both,no,no,no,no,none,24970.651210227985,3,2
1076,control,2L3,both,no,no,no,no,none,46027.65424393422,5,3
1078,control,7T1,both,no,no,no,no,none,69721.61051340957,8,5
1083,control,2P4,both,no,no,no,no,none,52327.31780798785,6,3
1084,control,ON,both,no,yes,no,yes,none,60525.28655489923,7,4
1087,control,1K0,takeout,no,no,no,no,none,46048.56270832048,5,3
1090,control,8G7,dinein,no,no,no,no,none,59965.06289316881,7,4
1099,control,1R8,both,no,no,no,no,none,62491.49157468978,7,4
1103,control,2L3,takeout,no,no,no,yes,none,55278.03485843846,6,4
1108,control,2N0,both,no,no,no,no,none,53811.52929163761,6,4
1109,control,4A9,takeout,no,no,no,no,none,89636.1835003181,10,6
1113,control,1M8,dinein,no,no,no,no,none,82136.33353500413,9,6
1116,control,4B3,both,no,no,no,no,none,78309.33503589335,9,6
1137,control,2X8,both,no,no,no,yes,none,33797.19766007374,4,2
1151,control,2P0,both,no,yes,no,no,none,88043.07049944784,10,5
1160,control,1J0,takeout,no,yes,no,no,none,48172.97815848577,5,3
1161,control,6L9,both,no,yes,no,no,none,55579.17550552778,6,4
1165,control,4G8,takeout,no,no,no,no,none,118607.64785754989,14,8
1166,control,ON,takeout,nonanswer,yes,no,no,none,65189.7096989424,8,4
1171,control,0A8,both,no,no,no,no,none,50378.21128880033,6,3
1189,control,7C5,both,no,no,no,no,none,57944.3419672118,7,4
1192,control,2L3,both,no,no,no,no,none,157270.04235812783,18,10
1193,control,1A9,both,no,no,no,no,none,40265.61703446994,5,3
1201,control,2T6,both,no,yes,no,no,none,83208.08573961766,9,6
1217,control,4S7,both,no,no,no,no,none,19246.232537960932,2,1
1231,control,1J2,both,no,no,no,yes,none,61341.20897912653,7,4
1235,control,4W3,both,no,no,no,no,none,76762.42642230654,9,5
1237,control,4J7,takeout,no,no,no,no,none,35212.7408957535,4,2
1254,control,2N0,both,no,no,no,no,none,21302.440536962025,2,2
1272,control,3V8,takeout,no,no,no,no,none,46079.41316145507,5,3
1279,control,6E8,takeout,no,no,no,no,none,211741.02839801894,24,14
1281,control,5M3,both,no,no,no,no,none,37245.493439142,4,3
1282,control,2J4,both,no,NA,no,no,none,58309.50632211353,7,4
1290,control,8Y9,both,no,no,no,no,none,38697.3632609035,4,2
1292,control,5S7,both,no,no,nonanswer,no,none,58125.31936045133,7,4
1294,control,1A0,both,no,no,no,no,none,64694.19356294427,7,4
1296,control,2A4,both,no,no,no,no,none,81471.73859922156,9,5
1299,control,1N0,both,no,no,no,no,none,48986.29219638757,6,3
1302,control,1P0,takeout,no,no,no,no,none,59850.91584496955,7,4
1304,control,3Z3,both,no,no,no,no,none,87311.32907842653,10,6
1315,control,4A5,both,no,no,no,no,none,102500.39262209475,12,7
1318,control,2L6,both,nonanswer,nonanswer,no,no,none,32711.5489261213,4,2
1323,control,2N3,both,no,no,no,no,none,71310.10943527962,8,5
1324,control,2K8,both,no,no,no,nonanswer,none,37457.80328671224,4,2
1333,control,1N4,takeout,no,no,no,yes,none,131213.13167992202,14,10
1340,control,2M5,both,no,no,no,no,none,32293.562698003396,4,2
1359,control,6G5,both,no,no,no,yes,none,49450.81133237662,5,4
1360,control,2E1,both,no,no,no,no,none,33903.56484178631,4,2
1362,control,2Z6,both,no,yes,no,no,none,31249.571310581676,3,2
1368,control,2L0,takeout,no,no,no,no,none,96178.2772384352,11,7
1372,control,2T0,both,no,no,no,no,none,113675.88596671185,13,7
1373,control,5W6,both,no,no,no,no,none,32272.517073330913,4,2
1381,control,3H8,both,no,no,no,no,none,72418.89144444549,8,5
1386,control,5W6,both,no,no,no,no,none,50876.69028401383,6,3
1389,control,2S8,both,no,no,no,yes,none,132758.8821540213,15,9
1392,control,1E4,both,no,no,no,no,none,170740.20586041373,20,11
1393,control,5S2,both,no,no,no,no,none,49654.37565784651,6,3
1395,control,0R1,both,no,no,no,no,none,34826.93658464638,4,2
1402,control,1X1,dinein,no,yes,no,no,none,52200.0100216913,6,3
1414,control,2Z5,both,no,no,no,no,none,85108.80582206388,10,5
1418,control,2X3,both,no,no,no,no,none,32613.483318463997,4,2
1419,control,1B5,both,no,no,no,no,none,39718.64417236694,4,3
1422,control,ON,both,no,no,no,no,none,152416.5283525251,18,9
1431,control,5B5,both,no,no,no,no,none,61057.84013480977,7,4
1434,control,4N5,takeout,no,no,no,no,none,45516.67641126903,5,3
1441,control,1N8,takeout,no,no,no,no,none,62749.66176553229,7,4
1446,control,2G9,takeout,no,no,no,no,none,48386.96671247398,6,3
1449,control,1X7,dinein,no,no,no,no,none,85401.78297513525,10,6
1452,control,3L7,both,no,yes,no,no,none,54487.6793543847,6,3
1458,control,1L9,dinein,no,no,no,no,none,22925.430446544317,3,1
1465,control,3K4,both,no,no,no,no,none,135758.9428510054,15,9
1468,control,8K5,both,no,no,no,no,none,51057.624463931585,6,3
1489,control,1N8,takeout,no,yes,no,yes,none,50068.9506646454,6,3
1492,control,5C9,both,no,no,no,no,none,81823.15629444498,9,5
1500,control,1G4,takeout,no,no,no,no,none,74735.85471117498,9,5
1501,control,5V3,takeout,no,no,no,no,none,120260.13954198848,14,8
1508,control,3G1,both,no,no,no,no,none,59389.37009636967,7,4
1512,control,3H5,takeout,no,no,no,no,none,30687.306191490294,4,2
1514,control,7J2,takeout,no,no,no,yes,none,79908.88322783615,9,5
1521,control,2T3,takeout,no,no,no,no,none,116750.01904928747,13,7
1525,control,1Z7,both,no,no,no,no,none,55571.562338840115,6,3
1543,control,3E1,both,no,yes,no,no,none,181544.59327177418,21,11
1546,control,2K0,takeout,nonanswer,yes,no,no,none,163691.6883023156,18,11
1549,control,1H2,takeout,no,no,no,no,none,63910.370177565565,7,4
1556,control,3H5,takeout,no,no,no,no,none,43894.41622572151,5,3
1557,control,8A7,dinein,no,no,no,no,none,68145.1878785635,8,4
1567,control,8Z4,both,no,no,no,no,none,67149.80859847442,7,5
1570,control,2X8,both,no,no,no,no,none,62161.45248165802,7,4
1575,control,4K7,takeout,no,no,no,no,none,82457.58433248008,9,5
1588,control,3W6,takeout,no,no,no,no,none,119348.7205758414,13,9
1594,control,4G7,both,no,yes,no,no,none,47914.959862859694,5,3
1602,control,7Z1,both,no,yes,no,no,none,43790.224961487686,5,3
1604,control,3T5,takeout,no,no,no,no,none,44421.883054389815,5,3
1605,control,1P2,both,no,no,no,no,none,171676.8473089017,20,11
1610,control,1K7,takeout,no,no,no,no,none,76673.6386009086,9,5
1616,control,0T4,both,no,no,no,no,none,102656.60147912957,11,7
1620,control,1G4,takeout,no,no,no,no,none,73093.65608270586,8,5
1621,control,4C9,takeout,no,no,no,no,none,97379.9045000895,11,6
1623,control,2K4,both,no,no,no,no,none,83978.64987890382,9,6
1624,control,4R7,both,no,no,no,no,none,58686.55300723427,7,4
1632,control,4V2,both,no,no,no,no,none,69826.53022597822,8,4
1634,control,1T0,both,no,no,no,no,none,84845.83998985411,10,5
1636,control,1Z3,both,no,no,no,no,none,76485.0984874406,8,6
1637,control,6Y1,takeout,no,no,no,no,none,81026.74416473329,9,5
1643,control,2M0,both,no,no,no,yes,none,72549.47884772117,8,5
1646,control,1M1,takeout,no,no,no,no,none,92353.86843844145,11,6
1649,control,1B8,both,no,no,no,no,none,42452.400970855226,5,3
1661,control,ON,takeout,no,no,no,no,none,63028.179925375,7,4
1663,control,1K8,both,no,no,no,no,none,175740.03786176103,20,11
1673,control,2Y4,both,no,no,no,no,none,47982.603838634466,6,3
1682,control,5V4,both,no,no,no,no,none,44429.495841083146,5,3
1690,control,5E6,takeout,no,no,no,no,none,32071.833565167246,4,2
1691,control,6G5,both,no,no,no,no,none,178731.04218757738,20,12
1692,control,2J7,both,no,yes,no,no,none,100968.06104395045,12,7
1693,control,1C9,both,no,no,no,no,none,86726.7217446229,10,6
1696,control,8P4,both,no,no,no,no,none,25643.887374523547,3,2
1709,control,6B3,NA,no,no,no,no,none,74985.36250379132,9,5
1716,control,5E1,takeout,no,no,no,no,none,134748.8069838252,15,10
1717,control,1E4,both,no,no,no,no,none,129027.55355614355,15,8
1719,control,2L6,both,no,no,no,no,none,48258.451704748535,5,3
1722,control,3W5,both,no,yes,no,no,none,25018.500397771808,3,2
1723,control,2P0,both,no,no,no,no,none,122061.78370757883,14,8
1726,control,1H3,both,no,no,no,no,none,66249.88640977212,7,4
1731,control,1H8,both,no,no,no,yes,none,115040.50793111938,13,7
1738,control,5K8,both,no,no,no,no,none,55291.89057340954,6,3
1745,control,2J3,takeout,no,no,no,no,none,47846.708006033536,5,3
1748,control,6G5,both,no,yes,no,no,none,97746.91341911601,11,7
1758,control,4R7,dinein,no,no,no,no,none,28060.014341534763,3,2
1759,control,3B9,both,no,no,no,no,none,59244.36578511048,7,4
1768,control,1E0,both,no,no,no,no,none,61817.3770165119,7,4
1775,control,4K1,takeout,no,no,no,no,none,44008.05284680931,5,3
1785,control,ONT,both,no,no,no,no,none,84718.7783352345,10,5
1792,control,3R4,both,no,no,no,no,none,67237.28556170716,8,5
1796,control,8B9,both,no,no,no,no,NA,86152.92261479833,10,6
1797,control,3B2,both,no,no,no,no,none,96561.0818001159,11,6
1799,control,1A1,both,no,no,no,no,none,33323.801886703484,4,2
1806,control,2T0,both,no,yes,no,no,none,96844.57485291029,11,6
1817,control,1J1,both,no,yes,no,no,none,38038.02139562265,4,3
1818,control,9A2,takeout,no,no,no,no,none,107509.7945370588,12,8
1819,control,0S1,takeout,no,no,no,no,none,46275.89191293755,5,4
1822,control,1G1,both,no,no,no,no,none,27730.533086152183,3,2
1834,control,4A9,dinein,no,no,no,no,none,57531.74521664593,7,4
1836,control,1H0,both,no,no,no,no,none,133429.15696176526,15,8
1837,control,3Z7,takeout,no,no,no,no,none,34923.85220347595,4,2
1841,control,4X5,takeout,no,no,no,no,none,37995.968150124805,4,2
1844,control,6K5,dinein,no,no,no,no,none,55417.66178921609,6,3
1847,control,0J9,both,no,no,no,no,none,114425.35860164677,13,7
1848,control,2L1,both,no,yes,no,no,none,33296.849897228676,4,2
1857,control,ON,both,no,no,no,no,none,42400.36192928903,5,3
1860,control,2Z7,both,no,no,no,no,none,42781.78282571154,5,3
1862,control,1X1,dinein,no,no,no,yes,none,84135.11456635417,9,6
1868,control,6N6,both,no,no,no,nonanswer,none,58403.9276162239,7,4
1870,control,1C0,both,no,no,no,no,none,101720.83649099138,12,6
1872,control,1G6,takeout,no,no,no,no,none,94654.11573504329,11,6
1875,control,3M8,both,no,no,no,no,none,154987.2647141242,18,10
1878,control,ON,dinein,no,no,no,no,none,193179.54583329358,22,13
1884,control,1A2,both,no,no,no,no,none,45563.03790186558,5,3
1889,control,5C4,both,no,no,no,yes,none,56354.821973146885,6,4
1891,control,2N0,takeout,no,no,no,yes,none,60092.57190357986,7,4
1897,control,2V5,both,no,no,no,no,none,41969.28161436274,5,3
1908,control,3S8,both,no,no,no,yes,none,69563.32889315457,8,4
1914,control,3C8,both,yes,nonanswer,no,no,none,48838.85119018263,6,3
1923,control,1P7,both,no,no,no,yes,none,74791.43881509826,9,5
1935,control,1N8,takeout,no,no,no,no,none,41976.37361641183,5,3
1937,control,2G4,both,no,no,no,no,none,51749.34175898076,6,3
1938,control,3K5,both,no,no,NA,no,none,84158.24503768301,10,6
1944,control,2K1,takeout,no,no,no,yes,none,93836.45931613285,10,7
1950,control,4A9,takeout,no,no,no,no,none,66606.37545614551,8,4
1965,control,2L3,dinein,no,no,no,no,none,125957.15098961865,14,8
1972,control,3G1,takeout,no,no,no,no,none,20924.799944777962,2,1
1973,control,1H5,both,no,no,no,no,none,34031.37560045318,4,2
1974,control,1X1,both,no,no,no,no,none,59128.46683479429,7,4
1976,control,1W5,takeout,no,yes,no,yes,none,66160.41434480812,7,4
1978,control,7V9,both,no,no,no,no,none,136911.34585546644,16,9
1981,control,1A2,both,no,yes,no,no,none,41567.16439015433,5,3
1989,control,2P6,takeout,no,no,no,no,none,72292.54520913502,8,5
